Workbook

Sheet Person_Data
A1: person_id | B1: department | C1: rank | D1: total_military_service_years | E1: success_rate | F1: total_flight_hours | G1: medal_count | H1: risk_score
A2: AO07216 | B2: Alpha | C2: Lieutenant Colonel | D2: 19.13 | E2: 0.55555556 | F2: 131.7 | G2: 0 | H2: 83.9
A3: AO12605 | B3: Alpha | C3: Major | D3: 14.03 | F3: 2167.6 | G3: 2 | H3: 58.2
A4: AO17018 | B4: Alpha | C4: Captain | D4: 8.69 | E4: 1 | F4: 1232.2 | G4: 2 | H4: 60.3
A5: G22139 | B5: Alpha | C5: Warrant Officer | D5: 4.01 | F5: 0 | G5: 4 | H5: 55.4
A6: AO16543 | B6: Alpha | C6: Captain | D6: 9.6 | F6: 0 | G6: 2 | H6: 48.1
A7: AO22963 | B7: Alpha | C7: Senior Lieutenant | D7: 4.44 | E7: 0.95454545 | F7: 1786.6 | G7: 3 | H7: 25.7
A8: AO19391 | B8: Alpha | C8: Captain | D8: 7.03 | E8: 0.8 | F8: 654.7 | G8: 3 | H8: 33.7
A9: AO18976 | B9: Alpha | C9: Captain | D9: 8.36 | E9: 1 | F9: 624.7 | G9: 1 | H9: 31.2
A10: AO13357 | B10: Alpha | C10: Major | D10: 13.01 | E10: 0.5 | F10: 1279.8 | G10: 6 | H10: 58.6
A11: AO23290 | B11: Alpha | C11: Lieutenant | D11: 2.69 | E11: 0.83333333 | F11: 778 | G11: 1 | H11: 47.1
A12: AO16547 | B12: Alpha | C12: Captain | D12: 9.92 | E12: 0.25 | F12: 415.5 | G12: 0 | H12: 69.1
A13: AO13497 | B13: Alpha | C13: Major | D13: 13.14 | E13: 0.84210526 | F13: 1122.4 | G13: 2 | H13: 51.3
A14: AO17259 | B14: Alpha | C14: Captain | D14: 9.47 | E14: 0.83333333 | F14: 1332.4 | G14: 0 | H14: 48.3
A15: AO21304 | B15: Alpha | C15: Senior Lieutenant | D15: 5.41 | E15: 0.86363636 | F15: 3414.7 | G15: 2 | H15: 43.3
A16: AO24033 | B16: Alpha | C16: Lieutenant | D16: 1.58 | E16: 0.85714286 | F16: 392.8 | G16: 3 | H16: 41.3
A17: AO25712 | B17: Alpha | C17: Lieutenant | D17: 1.2 | E17: 0.875 | F17: 340 | G17: 4 | H17: 24.8
A18: AO21586 | B18: Alpha | C18: Senior Lieutenant | D18: 4.73 | E18: 0.61904762 | F18: 1864.6 | G18: 2 | H18: 37.7
A19: AO24023 | B19: Alpha | C19: Lieutenant | D19: 1.53 | F19: 291.7 | G19: 4 | H19: 52
A20: AO21458 | B20: Alpha | C20: Senior Lieutenant | D20: 5.22 | E20: 0.66666667 | F20: 643.8 | G20: 2 | H20: 37.9
A21: AO18524 | B21: Alpha | C21: Captain | D21: 7.65 | F21: 0 | G21: 3 | H21: 45.3
A22: AO12328 | B22: Alpha | C22: Major | D22: 13.92 | F22: 0 | G22: 5 | H22: 46.4
A23: AO16636 | B23: Alpha | C23: Captain | D23: 10.37 | F23: 0 | G23: 0 | H23: 54.6
A24: AO25389 | B24: Alpha | C24: Lieutenant | D24: 1.06 | F24: 0 | G24: 0 | H24: 57.4
A25: AO25228 | B25: Alpha | C25: Lieutenant | D25: 1.42 | F25: 0 | G25: 0 | H25: 56.8
A26: AO18688 | B26: Alpha | C26: Captain | D26: 8.26 | F26: 0 | G26: 0 | H26: 44.9
A27: AO20164 | B27: Alpha | C27: Senior Lieutenant | D27: 5.83 | E27: 0.85185185 | F27: 2127.1 | G27: 0 | H27: 63.3
A28: AO25328 | B28: Alpha | C28: Lieutenant | D28: 1.49 | E28: 1 | F28: 273.3 | G28: 2 | H28: 32.7
A29: AO24416 | B29: Alpha | C29: Lieutenant | D29: 2.17 | E29: 1 | F29: 546.7 | G29: 4 | H29: 36.7
A30: AO22646 | B30: Alpha | C30: Senior Lieutenant | D30: 4.44 | F30: 1039.2 | G30: 0 | H30: 64.7
A31: AO22701 | B31: Alpha | C31: Senior Lieutenant | D31: 4.18 | E31: 0.9 | F31: 375.5 | G31: 2 | H31: 40.7
A32: AO24250 | B32: Alpha | C32: Lieutenant | D32: 2.25 | E32: 1 | F32: 369.4 | G32: 4 | H32: 47.4
A33: AO22585 | B33: Alpha | C33: Senior Lieutenant | D33: 4.13 | E33: 0.94117647 | F33: 1266.6 | G33: 4 | H33: 29.7
A34: AO12461 | B34: Alpha | C34: Major | D34: 13.59 | E34: 1 | F34: 1728.9 | G34: 1 | H34: 62.1
A35: AO19336 | B35: Alpha | C35: Captain | D35: 7.05 | E35: 0.96153846 | F35: 1273.4 | G35: 1 | H35: 59.6
A36: AO17172 | B36: Alpha | C36: Captain | D36: 9.15 | E36: 1 | F36: 317.5 | G36: 0 | H36: 47.4
A37: AO22921 | B37: Alpha | C37: Senior Lieutenant | D37: 4.22 | E37: 0.88888889 | F37: 1304.3 | G37: 1 | H37: 53.4
A38: AO20473 | B38: Alpha | C38: Senior Lieutenant | D38: 5.91 | E38: 1 | F38: 920.8 | G38: 3 | H38: 54.8
A39: AO24361 | B39: Alpha | C39: Lieutenant | D39: 2 | F39: 389.1 | G39: 3 | H39: 54.9
A40: AO11628 | B40: Alpha | C40: Major | D40: 14.61 | E40: 0.91666667 | F40: 444.6 | G40: 1 | H40: 69
A41: AO21607 | B41: Alpha | C41: Senior Lieutenant | D41: 5.22 | E41: 0.88888889 | F41: 809.6 | G41: 1 | H41: 37.7
A42: AO17445 | B42: Alpha | C42: Captain | D42: 9.16 | E42: 1 | F42: 252 | G42: 1 | H42: 40.9
A43: AO22937 | B43: Alpha | C43: Senior Lieutenant | D43: 4 | E43: 0.875 | F43: 155.5 | G43: 0 | H43: 46
A44: AO23491 | B44: Alpha | C44: Lieutenant | D44: 2.86 | F44: 810.9 | G44: 2 | H44: 46.3
A45: AO18742 | B45: Alpha | C45: Captain | D45: 8.23 | E45: 1 | F45: 371.2 | G45: 1 | H45: 36.4
A46: AO15635 | B46: Alpha | C46: Captain | D46: 10.79 | E46: 0.64705882 | F46: 1233 | G46: 4 | H46: 77.6
A47: G23402 | B47: Alpha | C47: Warrant Officer | D47: 3.14 | E47: 1 | F47: 223.3 | G47: 2 | H47: 46.3
A48: G19017 | B48: Alpha | C48: Senior Warrant Officer | D48: 6.93 | F48: 3071.6 | G48: 2 | H48: 50.2
A49: G22746 | B49: Alpha | C49: Warrant Officer | D49: 3.53 | E49: 0.83333333 | F49: 251.4 | G49: 2 | H49: 49.4
A50: G23357 | B50: Alpha | C50: Warrant Officer | D50: 3.42 | E50: 0.5 | F50: 610.1 | G50: 0 | H50: 52.9
A51: G18673 | B51: Alpha | C51: Senior Warrant Officer | D51: 8.02 | E51: 0.75 | F51: 597 | G51: 5 | H51: 62.6
A52: G11740 | B52: Alpha | C52: Senior Warrant Officer | D52: 14.75 | E52: 0.875 | F52: 1108 | G52: 1 | H52: 42.2
A53: G23944 | B53: Alpha | C53: Warrant Officer | D53: 3.24 | F53: 836.8 | G53: 1 | H53: 58.5
A54: G22677 | B54: Alpha | C54: Warrant Officer | D54: 4.18 | E54: 0.66666667 | F54: 574.4 | G54: 3 | H54: 54.6
A55: G25596 | B55: Alpha | C55: Junior Warrant Officer | D55: 1.14 | E55: 0.71428571 | F55: 215.7 | G55: 1 | H55: 72.7
A56: G23288 | B56: Alpha | C56: Junior Warrant Officer | D56: 2.81 | E56: 0.8 | F56: 715.3 | G56: 0 | H56: 61.8
A57: G25878 | B57: Alpha | C57: Junior Warrant Officer | D57: 1.48 | E57: 0.85714286 | F57: 296.6 | G57: 1 | H57: 51.9
A58: G25956 | B58: Alpha | C58: Junior Warrant Officer | D58: 1.26 | E58: 0.66666667 | F58: 303.6 | G58: 0 | H58: 60.1
A59: G22091 | B59: Alpha | C59: Warrant Officer | D59: 3.95 | E59: 0.90909091 | F59: 208.3 | G59: 2 | H59: 55.7
A60: G18716 | B60: Alpha | C60: Senior Warrant Officer | D60: 7.86 | E60: 0.78947368 | F60: 1486.5 | G60: 5 | H60: 66.1
A61: G22153 | B61: Alpha | C61: Warrant Officer | D61: 3.85 | E61: 0.8125 | F61: 1129.1 | G61: 3 | H61: 54.9
A62: G11488 | B62: Alpha | C62: Senior Warrant Officer | D62: 15.1 | E62: 0.94736842 | F62: 3435.9 | G62: 4 | H62: 55
A63: G24197 | B63: Alpha | C63: Junior Warrant Officer | D63: 1.81 | E63: 1 | F63: 351.5 | G63: 2 | H63: 36
A64: G17139 | B64: Alpha | C64: Senior Warrant Officer | D64: 8.73 | E64: 1 | F64: 208.1 | G64: 1 | H64: 58.2
A65: G22314 | B65: Alpha | C65: Warrant Officer | D65: 3.84 | E65: 0.94736842 | F65: 959.2 | G65: 4 | H65: 51
A66: G23423 | B66: Alpha | C66: Junior Warrant Officer | D66: 2.85 | E66: 0.75 | F66: 658.5 | G66: 0 | H66: 51.2
A67: G13885 | B67: Alpha | C67: Senior Warrant Officer | D67: 13.25 | F67: 0 | G67: 6 | H67: 57.4
A68: G08643 | B68: Alpha | C68: Senior Warrant Officer | D68: 17.54 | F68: 0 | G68: 0 | H68: 57.4
A69: G08693 | B69: Alpha | C69: Senior Warrant Officer | D69: 17.73 | F69: 0 | G69: 0 | H69: 57.4
A70: G23673 | B70: Alpha | C70: Warrant Officer | D70: 3.43 | F70: 0 | G70: 3 | H70: 48.1
A71: G24293 | B71: Alpha | C71: Junior Warrant Officer | D71: 1.76 | F71: 0 | G71: 1 | H71: 57.4
A72: G23445 | B72: Alpha | C72: Junior Warrant Officer | D72: 2.57 | F72: 0 | G72: 4 | H72: 48.1
A73: G21944 | B73: Alpha | C73: Warrant Officer | D73: 4.91 | F73: 0 | G73: 0 | H73: 48.1
A74: G22075 | B74: Alpha | C74: Warrant Officer | D74: 4.44 | F74: 0 | G74: 0 | H74: 57.4
A75: G23253 | B75: Alpha | C75: Junior Warrant Officer | D75: 2.94 | F75: 0 | G75: 0 | H75: 55.9
A76: G22963 | B76: Alpha | C76: Warrant Officer | D76: 4.5 | F76: 0 | G76: 0 | H76: 48.1
A77: G22206 | B77: Alpha | C77: Warrant Officer | D77: 4.01 | F77: 0 | G77: 1 | H77: 45.7
A78: G23305 | B78: Alpha | C78: Junior Warrant Officer | D78: 2.92 | F78: 0 | G78: 4 | H78: 45.7
... A106: G25255 | B106: Alpha | C106: Junior Warrant Officer | D106: 1.21 | F106: 0 | G106: 0 | H106: 55
A107: AO97199 | B107: Beta | C107: Lieutenant Colonel | D107: 28.65 | E107: 0.86666667 | F107: 3999.8 | G107: 2 | H107: 53.4
A108: AO16486 | B108: Beta | C108: Captain | D108: 10.26 | F108: 1055.9 | G108: 2 | H108: 42.9
A109: AO12560 | B109: Beta | C109: Major | D109: 13.82 | E109: 0.86666667 | F109: 334.2 | G109: 0 | H109: 61.4
A110: G15848 | B110: Beta | C110: Senior Warrant Officer | D110: 11.28 | F110: 0 | G110: 1 | H110: 48.1
A111: AO13826 | B111: Beta | C111: Major | D111: 12.74 | F111: 0 | G111: 0 | H111: 46.4
A112: AO21460 | B112: Beta | C112: Senior Lieutenant | D112: 4.69 | E112: 0.58333333 | F112: 938.8 | G112: 5 | H112: 62.4
A113: AO18804 | B113: Beta | C113: Captain | D113: 7.55 | E113: 1 | F113: 277.7 | G113: 2 | H113: 19.5
A114: AO17999 | B114: Beta | C114: Captain | D114: 9.05 | E114: 0.75 | F114: 146.8 | G114: 2 | H114: 69.3
A115: AO21945 | B115: Beta | C115: Senior Lieutenant | D115: 4.63 | E115: 1 | F115: 650.5 | G115: 1 | H115: 36.8
A116: AO22715 | B116: Beta | C116: Senior Lieutenant | D116: 4.43 | E116: 0.84615385 | F116: 2165.1 | G116: 6 | H116: 34.9
A117: AO16664 | B117: Beta | C117: Captain | D117: 9.75 | E117: 0.88888889 | F117: 221.4 | G117: 1 | H117: 64.8
A118: AO24322 | B118: Beta | C118: Lieutenant | D118: 2.42 | E118: 0.71428571 | F118: 810 | G118: 4 | H118: 36.5
A119: AO24715 | B119: Beta | C119: Lieutenant | D119: 2.08 | F119: 554.4 | G119: 4 | H119: 37.1
A120: AO16557 | B120: Beta | C120: Captain | D120: 10.04 | E120: 0.8 | F120: 1220.9 | G120: 3 | H120: 48.1
A121: AO20423 | B121: Beta | C121: Senior Lieutenant | D121: 5.89 | E121: 1 | F121: 871.8 | G121: 3 | H121: 41.9
A122: AO15870 | B122: Beta | C122: Captain | D122: 10.58 | E122: 0.58823529 | F122: 991.9 | G122: 1 | H122: 68
A123: AO17162 | B123: Beta | C123: Captain | D123: 8.69 | E123: 0.71428571 | F123: 1802.3 | G123: 0 | H123: 62.8
A124: AO24225 | B124: Beta | C124: Lieutenant | D124: 1.76 | E124: 1 | F124: 538.6 | G124: 4 | H124: 16.7
A125: AO24481 | B125: Beta | C125: Lieutenant | D125: 1.53 | E125: 0.66666667 | F125: 297.2 | G125: 1 | H125: 54.1
A126: AO12508 | B126: Beta | C126: Major | D126: 14.05 | F126: 0 | G126: 0 | H126: 57.4
A127: AO23007 | B127: Beta | C127: Lieutenant | D127: 2.57 | F127: 0 | G127: 1 | H127: 44.9
...

Sheet Rank_Rules
A1: rank | B1: min_staj_years | C1: max_staj_years
A2: Lieutenant | B2: 1 | C2: 3
A3: Senior Lieutenant | B3: 4 | C3: 6
A4: Captain | B4: 7 | C4: 11
A5: Major | B5: 12 | C5: 15
A6: Lieutenant Colonel | B6: 15 | C6: 30
A7: Junior Warrant Officer | B7: 1 | C7: 3
A8: Warrant Officer | B8: 3 | C8: 5
A9: Senior Warrant Officer | B9: 5 | C9: 20

Sheet Dept_Summary
A1: department | B1: headcount | C1: avg_flight_hours | D1: avg_success_rate | E1: avg_medal_count | F1: avg_risk_score
A2: Alpha | B2: =COUNTIF(Person_Data!$B$2:$B$526,A2) -> 105 | C2: =AVERAGEIF(Person_Data!$B$2:$B$526,A2,Person_Data!$F$2:$F$526) -> 492.59714 | D2: =AVERAGEIF(Person_Data!$B$2:$B$526,A2,Person_Data!$E$2:$E$526) -> 0.84280666 | E2: =AVERAGEIF(Person_Data!$B$2:$B$526,A2,Person_Data!$G$2:$G$526) -> 1.8 | F2: =AVERAGEIF(Person_Data!$B$2:$B$526,A2,Person_Data!$H$2:$H$526) -> 50.632381
A3: Beta | B3: =COUNTIF(Person_Data!$B$2:$B$526,A3) -> 105 | C3: =AVERAGEIF(Person_Data!$B$2:$B$526,A3,Person_Data!$F$2:$F$526) -> 472.6619 | D3: =AVERAGEIF(Person_Data!$B$2:$B$526,A3,Person_Data!$E$2:$E$526) -> 0.84427662 | E3: =AVERAGEIF(Person_Data!$B$2:$B$526,A3,Person_Data!$G$2:$G$526) -> 1.9142857 | F3: =AVERAGEIF(Person_Data!$B$2:$B$526,A3,Person_Data!$H$2:$H$526) -> 49.68381
A4: Delta | B4: =COUNTIF(Person_Data!$B$2:$B$526,A4) -> 105 | C4: =AVERAGEIF(Person_Data!$B$2:$B$526,A4,Person_Data!$F$2:$F$526) -> 497.88 | D4: =AVERAGEIF(Person_Data!$B$2:$B$526,A4,Person_Data!$E$2:$E$526) -> 0.82367174 | E4: =AVERAGEIF(Person_Data!$B$2:$B$526,A4,Person_Data!$G$2:$G$526) -> 1.5047619 | F4: =AVERAGEIF(Person_Data!$B$2:$B$526,A4,Person_Data!$H$2:$H$526) -> 51.918095
A5: Gamma | B5: =COUNTIF(Person_Data!$B$2:$B$526,A5) -> 105 | C5: =AVERAGEIF(Person_Data!$B$2:$B$526,A5,Person_Data!$F$2:$F$526) -> 471.37714 | D5: =AVERAGEIF(Person_Data!$B$2:$B$526,A5,Person_Data!$E$2:$E$526) -> 0.85870049 | E5: =AVERAGEIF(Person_Data!$B$2:$B$526,A5,Person_Data!$G$2:$G$526) -> 1.8952381 | F5: =AVERAGEIF(Person_Data!$B$2:$B$526,A5,Person_Data!$H$2:$H$526) -> 49.508571
A6: Sigma | B6: =COUNTIF(Person_Data!$B$2:$B$526,A6) -> 105 | C6: =AVERAGEIF(Person_Data!$B$2:$B$526,A6,Person_Data!$F$2:$F$526) -> 505.57333 | D6: =AVERAGEIF(Person_Data!$B$2:$B$526,A6,Person_Data!$E$2:$E$526) -> 0.85279572 | E6: =AVERAGEIF(Person_Data!$B$2:$B$526,A6,Person_Data!$G$2:$G$526) -> 1.1809524 | F6: =AVERAGEIF(Person_Data!$B$2:$B$526,A6,Person_Data!$H$2:$H$526) -> 48.190476

Sheet Risk_Watchlist
A1: person_id | B1: rank | C1: total_staj | D1: expected_min_staj | E1: expected_max_staj | F1: rank_staj_check | G1: risk_score | H1: risk_flag
A2: =Person_Data!A2 -> AO07216 | B2: =Person_Data!C2 -> Lieutenant Colonel | C2: =Person_Data!D2 -> 19.13 | D2: =INDEX(Rank_Rules!$B$2:$B$9,MATCH(B2,Rank_Rules!$A$2:$A$9,0)) -> 15 | E2: =INDEX(Rank_Rules!$C$2:$C$9,MATCH(B2,Rank_Rules!$A$2:$A$9,0)) -> 30 | F2: =IF(AND(C2>=D2,C2<=E2),"OK","MISMATCH") -> OK | G2: =Person_Data!H2 -> 83.9 | H2: =IF(G2>=65,"HIGH",IF(G2>=50,"MEDIUM","LOW")) -> HIGH
A3: =Person_Data!A3 -> AO12605 | B3: =Person_Data!C3 -> Major | C3: =Person_Data!D3 -> 14.03 | D3: =INDEX(Rank_Rules!$B$2:$B$9,MATCH(B3,Rank_Rules!$A$2:$A$9,0)) -> 12 | E3: =INDEX(Rank_Rules!$C$2:$C$9,MATCH(B3,Rank_Rules!$A$2:$A$9,0)) -> 15 | F3: =IF(AND(C3>=D3,C3<=E3),"OK","MISMATCH") -> OK | G3: =Person_Data!H3 -> 58.2 | H3: =IF(G3>=65,"HIGH",IF(G3>=50,"MEDIUM","LOW")) -> MEDIUM
A4: =Person_Data!A4 -> AO17018 | B4: =Person_Data!C4 -> Captain | C4: =Person_Data!D4 -> 8.69 | D4: =INDEX(Rank_Rules!$B$2:$B$9,MATCH(B4,Rank_Rules!$A$2:$A$9,0)) -> 7 | E4: =INDEX(Rank_Rules!$C$2:$C$9,MATCH(B4,Rank_Rules!$A$2:$A$9,0)) -> 11 | F4: =IF(AND(C4>=D4,C4<=E4),"OK","MISMATCH") -> OK | G4: =Person_Data!H4 -> 60.3 | H4: =IF(G4>=65,"HIGH",IF(G4>=50,"MEDIUM","LOW")) -> MEDIUM
A5: =Person_Data!A5 -> G22139 | B5: =Person_Data!C5 -> Warrant Officer | C5: =Person_Data!D5 -> 4.01 | D5: =INDEX(Rank_Rules!$B$2:$B$9,MATCH(B5,Rank_Rules!$A$2:$A$9,0)) -> 3 | E5: =INDEX(Rank_Rules!$C$2:$C$9,MATCH(B5,Rank_Rules!$A$2:$A$9,0)) -> 5 | F5: =IF(AND(C5>=D5,C5<=E5),"OK","MISMATCH") -> OK | G5: =Person_Data!H5 -> 55.4 | H5: =IF(G5>=65,"HIGH",IF(G5>=50,"MEDIUM","LOW")) -> MEDIUM
A6: =Person_Data!A6 -> AO16543 | B6: =Person_Data!C6 -> Captain | C6: =Person_Data!D6 -> 9.6 | D6: =INDEX(Rank_Rules!$B$2:$B$9,MATCH(B6,Rank_Rules!$A$2:$A$9,0)) -> 7 | E6: =INDEX(Rank_Rules!$C$2:$C$9,MATCH(B6,Rank_Rules!$A$2:$A$9,0)) -> 11 | F6: =IF(AND(C6>=D6,C6<=E6),"OK","MISMATCH") -> OK | G6: =Person_Data!H6 -> 48.1 | H6: =IF(G6>=65,"HIGH",IF(G6>=50,"MEDIUM","LOW")) -> LOW
A7: =Person_Data!A7 -> AO22963 | B7: =Person_Data!C7 -> Senior Lieutenant | C7: =Person_Data!D7 -> 4.44 | D7: =INDEX(Rank_Rules!$B$2:$B$9,MATCH(B7,Rank_Rules!$A$2:$A$9,0)) -> 4 | E7: =INDEX(Rank_Rules!$C$2:$C$9,MATCH(B7,Rank_Rules!$A$2:$A$9,0)) -> 6 | F7: =IF(AND(C7>=D7,C7<=E7),"OK","MISMATCH") -> OK | G7: =Person_Data!H7 -> 25.7 | H7: =IF(G7>=65,"HIGH",IF(G7>=50,"MEDIUM","LOW")) -> LOW
A8: =Person_Data!A8 -> AO19391 | B8: =Person_Data!C8 -> Captain | C8: =Person_Data!D8 -> 7.03 | D8: =INDEX(Rank_Rules!$B$2:$B$9,MATCH(B8,Rank_Rules!$A$2:$A$9,0)) -> 7 | E8: =INDEX(Rank_Rules!$C$2:$C$9,MATCH(B8,Rank_Rules!$A$2:$A$9,0)) -> 11 | F8: =IF(AND(C8>=D8,C8<=E8),"OK","MISMATCH") -> OK | G8: =Person_Data!H8 -> 33.7 | H8: =IF(G8>=65,"HIGH",IF(G8>=50,"MEDIUM","LOW")) -> LOW
A9: =Person_Data!A9 -> AO18976 | B9: =Person_Data!C9 -> Captain | C9: =Person_Data!D9 -> 8.36 | D9: =INDEX(Rank_Rules!$B$2:$B$9,MATCH(B9,Rank_Rules!$A$2:$A$9,0)) -> 7 | E9: =INDEX(Rank_Rules!$C$2:$C$9,MATCH(B9,Rank_Rules!$A$2:$A$9,0)) -> 11 | F9: =IF(AND(C9>=D9,C9<=E9),"OK","MISMATCH") -> OK | G9: =Person_Data!H9 -> 31.2 | H9: =IF(G9>=65,"HIGH",IF(G9>=50,"MEDIUM","LOW")) -> LOW
A10: =Person_Data!A10 -> AO13357 | B10: =Person_Data!C10 -> Major | C10: =Person_Data!D10 -> 13.01 | D10: =INDEX(Rank_Rules!$B$2:$B$9,MATCH(B10,Rank_Rules!$A$2:$A$9,0)) -> 12 | E10: =INDEX(Rank_Rules!$C$2:$C$9,MATCH(B10,Rank_Rules!$A$2:$A$9,0)) -> 15 | F10: =IF(AND(C10>=D10,C10<=E10),"OK","MISMATCH") -> OK | G10: =Person_Data!H10 -> 58.6 | H10: =IF(G10>=65,"HIGH",IF(G10>=50,"MEDIUM","LOW")) -> MEDIUM
A11: =Person_Data!A11 -> AO23290 | B11: =Person_Data!C11 -> Lieutenant | C11: =Person_Data!D11 -> 2.69 | D11: =INDEX(Rank_Rules!$B$2:$B$9,MATCH(B11,Rank_Rules!$A$2:$A$9,0)) -> 1 | E11: =INDEX(Rank_Rules!$C$2:$C$9,MATCH(B11,Rank_Rules!$A$2:$A$9,0)) -> 3 | F11: =IF(AND(C11>=D11,C11<=E11),"OK","MISMATCH") -> OK | G11: =Person_Data!H11 -> 47.1 | H11: =IF(G11>=65,"HIGH",IF(G11>=50,"MEDIUM","LOW")) -> LOW
A12: =Person_Data!A12 -> AO16547 | B12: =Person_Data!C12 -> Captain | C12: =Person_Data!D12 -> 9.92 | D12: =INDEX(Rank_Rules!$B$2:$B$9,MATCH(B12,Rank_Rules!$A$2:$A$9,0)) -> 7 | E12: =INDEX(Rank_Rules!$C$2:$C$9,MATCH(B12,Rank_Rules!$A$2:$A$9,0)) -> 11 | F12: =IF(AND(C12>=D12,C12<=E12),"OK","MISMATCH") -> OK | G12: =Person_Data!H12 -> 69.1 | H12: =IF(G12>=65,"HIGH",IF(G12>=50,"MEDIUM","LOW")) -> HIGH
A13: =Person_Data!A13 -> AO13497 | B13: =Person_Data!C13 -> Major | C13: =Person_Data!D13 -> 13.14 | D13: =INDEX(Rank_Rules!$B$2:$B$9,MATCH(B13,Rank_Rules!$A$2:$A$9,0)) -> 12 | E13: =INDEX(Rank_Rules!$C$2:$C$9,MATCH(B13,Rank_Rules!$A$2:$A$9,0)) -> 15 | F13: =IF(AND(C13>=D13,C13<=E13),"OK","MISMATCH") -> OK | G13: =Person_Data!H13 -> 51.3 | H13: =IF(G13>=65,"HIGH",IF(G13>=50,"MEDIUM","LOW")) -> MEDIUM
... A526: =Person_Data!A526 -> G22986 | B526: =Person_Data!C526 -> Warrant Officer | C526: =Person_Data!D526 -> 4.37 | D526: =INDEX(Rank_Rules!$B$2:$B$9,MATCH(B526,Rank_Rules!$A$2:$A$9,0)) -> 3 | E526: =INDEX(Rank_Rules!$C$2:$C$9,MATCH(B526,Rank_Rules!$A$2:$A$9,0)) -> 5 | F526: =IF(AND(C526>=D526,C526<=E526),"OK","MISMATCH") -> OK | G526: =Person_Data!H526 -> 48.1 | H526: =IF(G526>=65,"HIGH",IF(G526>=50,"MEDIUM","LOW")) -> LOW
